User Input,Chatbot Response,Timestamp
hello,Hi there,2024-09-10 01:21:51
how are you ,My purpose is to assist you,2024-09-10 01:21:57
weather ,"I'm sorry, I cannot provide real-time weather information.",2024-09-10 01:22:20
How do I create a budget,"To make a budget, start by tracking your income and expenses. Then, allocate your income towards essential expenses like rent, food, and bills. Next, allocate some of your income towards savings and debt repayment. Finally, allocate the remainder of your income towards discretionary expenses like entertainment and hobbies.",2024-09-10 01:22:30
Today is a nice weather,"I'm sorry, I cannot provide real-time weather information.",2024-10-03 08:29:52
How's the weather today,"I'm sorry, I cannot provide real-time weather information.",2024-10-03 08:30:47
Hi,Hello,2024-10-03 08:30:56
how to create a budget,"Mindfulness is the practice of being fully present in the moment, observing thoughts and feelings without judgment.",2024-12-10 05:17:35
wh,Growing a vegetable garden allows you to enjoy fresh produce and connect with nature.,2024-12-10 05:18:54
What's your name,You can call me Chatbot.,2024-12-10 05:19:11
What can you help me with ?,I'm here to help. What's the problem?,2024-12-10 05:20:11
can you update me with new technology ?,I am a chatbot,2024-12-10 05:21:31
What's the latest tech news,Technology is constantly evolving. Stay updated with tech blogs and news sites to know about the latest advancements!,2024-12-10 05:21:56
thanks,Glad I could help,2024-12-10 05:22:26
bye ,See you later,2024-12-10 05:22:53
